strategy,method,family,nominal_budget,recall@1_mean,recall@5_mean,recall@10_mean,avg_reps_per_seg_mean,build_time_s_mean,route_us_per_query_mean,recall@1_std,recall@5_std,recall@10_std,avg_reps_per_seg_std,build_time_s_std,route_us_per_query_std,recall@1_ci95,recall@5_ci95,recall@10_ci95,avg_reps_per_seg_ci95,build_time_s_ci95,route_us_per_query_ci95
coherent,Mean,mean,1,0.9404999999999999,1.0,1.0,1.0,0.048607254028320314,9.301233291625977,0.008838834764831778,0.0,0.0,0.0,0.0034291317245929765,1.0044268136084054,0.00774758026741247,0.0,0.0,0.0,0.0030057664828764654,0.8804189203915468
coherent,HMRC-3,flat,3,0.8454,0.9987,1.0,2.946,2.051996660232544,29.221606254577637,0.009762171889492615,0.0004472135954999196,0.0,0.020736441353327736,0.13464856255664223,2.551782213309857,0.008556920941553676,0.0003919999999999663,0.0,0.018176292251171594,0.11802466886811967,2.236735729152398
coherent,HMRC-4,flat,4,0.8385,0.9986,0.9999,3.9189999999999996,2.2769405364990236,36.48960590362549,0.009467048114380788,0.0009617692030835428,0.00022360679774994607,0.03110466202999157,0.3055596808217469,2.337252947218209,0.008298233546966526,0.000843027876170156,0.00019599999999997115,0.027264438376757356,0.26783486926022143,2.048692536471924
coherent,kRt-b2d2,hier,4,0.8329000000000001,0.9983000000000001,1.0,3.914,3.214646053314209,41.72017574310303,0.007065762520775761,0.0007582875444051436,0.0,0.030700162866017587,0.07546461734705923,3.3569687366000736,0.006193413921255349,0.0006646683383462662,0.0,0.026909879226782195,0.06614765359934144,2.942512835004705
coherent,HMRC-9,flat,9,0.8347,0.9983000000000001,1.0,8.754999999999999,2.696544885635376,95.29726505279541,0.007488324245116542,0.0009082951062292818,0.0,0.08916277250063458,0.6619307810811182,2.4541834894632855,0.006563805603459031,0.0007961557636543542,0.0,0.07815461598651699,0.5802079113755895,2.1511866757854374
coherent,kRt-b3d2,hier,9,0.8307,0.9974999999999999,0.9999,8.669999999999998,3.713399600982666,99.6908187866211,0.005203364296299075,0.000612372435695814,0.00022360679774994607,0.10295630140987007,0.20678400386091272,6.449579977957025,0.004560949901062274,0.0005367681063550798,0.00019599999999997115,0.09024517715645534,0.18125417100269128,5.653306108757133
coherent,HMRC-16,flat,16,0.842,0.9979000000000001,0.9999,15.421000000000001,3.6418991088867188,188.7002944946289,0.004834769901453438,0.0011401754250991774,0.00022360679774996675,0.1984754392865782,0.7169059404654673,9.590023146175218,0.004237862668846179,0.0009994078246642203,0.0001959999999999893,0.17397139305069712,0.6283957632108472,8.406025914972522
coherent,kRt-b4d2,hier,16,0.8359,0.9974000000000001,0.9998000000000001,15.148,3.8750807762146,186.84556484222412,0.0046824139073773,0.0009617692030835648,0.0002738612787525529,0.22283962843264707,0.29436269992380437,12.676498340046306,0.00410431675190893,0.0008430278761701752,0.000240049994792725,0.19532754644442793,0.25802028277143946,11.111440705962659
random,Mean,mean,1,0.0235,0.0804,0.14100000000000001,1.0,0.07027440071105953,9.256601333618164,0.004609772228646443,0.006721235005562585,0.006999999999999993,0.0,0.018103214182767686,0.4662039160569392,0.0040406435131053065,0.0058914222391541335,0.006135770530259416,0.0,0.015868166869371484,0.4086457498905293
random,HMRC-3,flat,3,0.028700000000000003,0.09530000000000001,0.1617,3.0,1.513035488128662,27.54995822906494,0.004563441683641855,0.010389898940798222,0.011014762820869092,0.0,0.23883204030127714,0.8561890911117752,0.004000032999863876,0.00910714796190333,0.009654865302012245,0.0,0.209345513508901,0.7504828276533186
random,HMRC-4,flat,4,0.0339,0.11479999999999999,0.1862,4.0,1.8973533153533935,37.87715435028076,0.0036469165057620933,0.005298584716695578,0.006987488819311278,0.0,0.5470212422010946,0.8851979634985399,0.003196663260338817,0.004644414279540529,0.006124803996863906,0.0,0.47948525961762545,0.7759102254114281
random,kRt-b2d2,hier,4,0.0351,0.1177,0.18560000000000001,4.0,2.251999044418335,36.448025703430176,0.004628714724413247,0.008258329128825032,0.011188163388152681,0.0,0.19962605336004033,2.9723127503208704,0.004057247342718952,0.007238744642546801,0.009806857600679234,0.0,0.1749799507540758,2.6053469971618757
random,HMRC-9,flat,9,0.0688,0.1989,0.29829999999999995,9.0,1.982444953918457,85.39469242095947,0.008258329128825037,0.009652719823966703,0.012075802250782357,0.0,0.3980837972907462,6.3321507277978695,0.007238744642546805,0.008460981976106546,0.01058490736851297,0.0,0.3489358331414752,5.550374832683274
random,kRt-b3d2,hier,9,0.07110000000000001,0.20539999999999997,0.3094,9.0,2.4406930923461916,85.95805168151855,0.005672301120356709,0.008827513806276367,0.010979526401443746,0.0,0.2607490060391198,9.777572859869098,0.004971991150434601,0.007737657009715531,0.00962397921859769,0.0,0.2285565810070382,8.570420487292736
random,HMRC-16,flat,16,0.1214,0.29019999999999996,0.4085,16.0,2.6025241374969483,165.31474590301514,0.010673565477383832,0.004480513363443988,0.0058202233634113655,0.0,0.5369338743149124,16.956556833408197,0.009355792644132294,0.003927343122264735,0.005101650713249548,0.0,0.4706432918170651,14.863077387585006
random,kRt-b4d2,hier,16,0.1276,0.30629999999999996,0.4272,16.0,2.6218841552734373,159.28750038146973,0.007940403012442136,0.00999124616852173,0.012008330441822472,0.0,0.3613222599633292,21.378953651102428,0.0069600701145893715,0.008757713400197572,0.01052576572036449,0.0,0.316712924944247,18.73947911145948
semi,Mean,mean,1,0.1322,0.4504,0.6142000000000001,1.0,0.0541981697082519,8.162879943847656,0.0036159369463529146,0.009845049517397066,0.009569482744641939,0.0,0.009391599228692005,0.609002012508562,0.0031695084792440656,0.008629566385398524,0.008388021459200009,0.0,0.008232099682773646,0.5338138001741021
semi,HMRC-3,flat,3,0.2637,0.6986,0.7785,3.0,1.0735396862030029,26.03919506072998,0.004590751572455224,0.010720307831401123,0.009273618495495703,0.0,0.06293289035851976,1.6279315221048531,0.004023971172858981,0.009396764123888615,0.008128685010504465,0.0,0.055163110577978985,1.426944894087332
semi,HMRC-4,flat,4,0.2618,0.7027,0.7847,4.0,1.3677517414093017,35.52136421203613,0.013704926121654195,0.00955641146037569,0.009317993346209277,0.0,0.17190909061837953,1.9463289778469137,0.012012897402375482,0.008376563973372367,0.008167581282117751,0.0,0.15068496172856424,1.7060325692090055
semi,kRt-b2d2,hier,4,0.24559999999999998,0.6842,0.7791,4.0,1.901665210723877,37.01746463775635,0.008813342158341533,0.008296083413273979,0.010151354589413183,0.0,0.0508834148935405,0.9033080277682894,0.007725235012606421,0.007271837731962925,0.008898054618847878,0.0,0.04460127965467846,0.7917843966467758
semi,HMRC-9,flat,9,0.2892,0.6973,0.7899,9.0,2.1696332454681397,82.89785385131836,0.008955445270895241,0.006951618516575828,0.0064556177086317595,0.0,0.5723122393893737,3.255752497877693,0.007849793882644306,0.006093362290230241,0.005658598413034801,0.0,0.5016537960788707,2.85379289004235
semi,kRt-b3d2,hier,9,0.29419999999999996,0.7018,0.8012,9.0,2.394537925720215,91.51513576507568,0.00847496312676344,0.005472659317004881,0.0031543620591175,0.0,0.06260781098369934,2.0976645667111224,0.007428632714032909,0.0047969973942040296,0.0027649202520145123,0.0,0.0548781659425478,1.838684061542215
semi,HMRC-16,flat,16,0.3376,0.7281000000000001,0.8181,16.0,2.779180145263672,164.01879787445068,0.009742946166329763,0.010801620248833013,0.007292119033586831,0.0,0.3973689622989486,7.117645183287601,0.008540068852181455,0.009468037600263293,0.006391824152775128,0.0,0.348309252644808,6.23889108006557
semi,kRt-b4d2,hier,16,0.34130000000000005,0.733,0.8338000000000001,16.0,2.77183256149292,171.00608348846436,0.007328028384224482,0.005798706752371638,0.004893873721296892,0.0,0.07080300645308303,7.903832829964689,0.006423300086404164,0.005082790572116888,0.004289669451134926,0.0,0.06206157149265637,6.928014936313468
timebatch,Mean,mean,1,0.09530000000000001,0.2545,0.3673,1.0,0.03892397880554199,10.664558410644531,0.01051546480190011,0.01265405073484378,0.02011404981598685,0.0,0.00793036514180093,0.5422139653122864,0.009217211291925561,0.011091764512466008,0.01763074201501458,0.0,0.006951271533036962,0.4752714956368902
timebatch,HMRC-3,flat,3,0.1749,0.4114,0.5395,3.0,1.4358418941497804,29.99141216278076,0.008967998661908904,0.017180657728969522,0.011994790535895174,0.0,0.06937161052782424,2.5928882776369075,0.00786079741502094,0.015059510483412138,0.010513897469540033,0.0,0.06080689764475119,2.2727667831685214
timebatch,HMRC-4,flat,4,0.2263,0.4737,0.5945,4.0,1.488132858276367,41.219305992126465,0.006951618516575836,0.009087078738516557,0.010971554128745831,0.0,0.13919059674340603,4.848319609912085,0.0060933622902302476,0.007965175704276694,0.00961699121347211,0.0,0.12200593736963056,4.249739511968205
timebatch,kRt-b2d2,hier,4,0.2347,0.47119999999999995,0.5925,4.0,2.790220785140991,41.80953502655029,0.009011104260855043,0.017108477430794362,0.01586269207921532,0.0,0.33155854810072066,4.36721990340034,0.007898581138407069,0.01499624166249664,0.013904262655746989,0.0,0.2906238812131433,3.8280370260637437
timebatch,HMRC-9,flat,9,0.41419999999999996,0.6655,0.7628999999999999,9.0,2.1224740028381346,94.51169967651367,0.010837435120913062,0.008162413858657255,0.009515776374001235,0.0,0.5246361716804505,16.495424361291036,0.00949943071978526,0.0071546712013900405,0.008340945749733663,0.0,0.459863880186433,14.4588769543047
timebatch,kRt-b3d2,hier,9,0.42189999999999994,0.6686,0.7565,9.0,2.5856368064880373,98.92609119415283,0.011674759098157036,0.017343586710943073,0.014512925273699967,0.0,0.34732836193294364,8.843105739247505,0.010233377546050002,0.015202324032857636,0.012721139886032204,0.0,0.3044467324959192,7.751323941548973
timebatch,HMRC-16,flat,16,0.5664,0.7891,0.8615999999999999,16.0,3.1952465057373045,210.95330715179443,0.011165795985956371,0.006416774890862249,0.005493177586788912,0.0,0.8261064173663742,29.381768134944735,0.009787251708217152,0.005624551182094458,0.004814982450642997,0.0,0.72411420150497,25.75425529275847
timebatch,kRt-b4d2,hier,16,0.5476,0.7729999999999999,0.8436999999999999,16.0,2.8820821762084963,186.3603115081787,0.0097685720553211,0.010087120500916,0.006170494307589976,0.0,0.438570389506359,22.90178497236788,0.008562530934250703,0.008841750957813721,0.005408676732806299,0.0,0.3844238959110734,20.07429961768471
